Title,Links,Article
Josep Borrell convoque le prochain Gymnich à Bruxelles et snobe BudapestMonde,https://www.rtbf.be/article/josep-borrell-convoque-le-prochain-gymnich-a-bruxelles-et-snobe-budapest-11408295,"Le chef de la diplomatie de l'UE, Josep Borrell, a annoncé lundi avoir décidé de tenir la prochaine réunion informelle des ministres européens des Affaires étrangères à Bruxelles, après la pause estivale, plutôt qu'à Budapest comme prévu par la présidence tournante hongroise du Conseil de l'UE.
La manœuvre, très inhabituelle, tient lieu de ""signal symbolique"" envers Budapest, après les voyages très controversés du Premier ministre Viktor Orbán à Moscou et Pékin, sous couvert apparent de présidence tournante mais sans mandat des 27. Ces voyages, ainsi que des déclarations clairement contraires à la ligne commune affichée par l'UE depuis le début de la guerre en Ukraine, ont chamboulé les débuts des 6 mois de présidence hongroise. 
""Il y avait beaucoup de division"" entre les Etats membres sur la question du lieu du prochain ""Gymnich"", le nom donné à ce format de réunion informelle des ministres des Affaires étrangères. ""J'ai tenté d'avoir l'unité, j'ai écouté les arguments... Cela n'a pas été possible. Certains sont prêts à aller à Budapest, 'business as usual', d'autres ne veulent clairement pas y aller, d'autres disent que c'est au Haut représentant de décider"", a exposé Josep Borrell à l'issue d'un Conseil Affaires étrangères à Bruxelles. 
L'Espagnol a décidé de prendre la main. ""Je considère que si 25 Etats membres sont fortement opposés aux déclarations et prises de position"" récentes du gouvernement hongrois par rapport à la guerre en Ukraine, ""nous devons envoyer un signal, même symbolique, que cette opposition à la politique étrangère de l'Union et le fait de la qualifier de 'parti de la guerre' a des conséquences"".
Il convoquera donc la prochaine réunion informelle consacrée aux Affaires étrangères et à la Défense à Bruxelles. La Hongrie prévoyait cette réunion, traditionnelle à chaque présidence tournante, à Budapest les 28 et 29 août prochains.
Tous les sujets de l'article
Copyright © 2024 RTBF
"
"Amadou Onana se réjouit de sa venue à Aston Villa : ""Unai Emery peut me rendre meilleur""Premier League",https://www.rtbf.be/article/amadou-onana-se-rejouit-de-sa-venue-a-aston-villa-unai-emery-peut-me-rendre-meilleur-11408292,"Amadou Onana quitte Everton et rejoint Aston Villa en Premier League, comme l’ont confirmé les Villans lundi. ""Ça fait du bien. Je suis heureux d’être enfin ici et j’ai hâte de commencer"", a déclaré le Diable Rouge, qui compte 17 sélections, sur le site web du club.
À 22 ans, le milieu de terrain arrive pour remplacer le Brésilien Douglas Luiz, parti à la Juventus. Aston Villa a été la surprise de la saison dernière en Premier League et jouera la Ligue des champions la saison prochaine. Youri Tielemans et Leander Dendoncker font également partie de l’effectif.
""J’avais plusieurs raisons de rejoindre ce club"", a expliqué Onana. ""Il règne ici une atmosphère propice au développement, tant comme joueur que comme personne. De plus, l’équipe a joué un football attrayant la saison dernière, avec de nombreux buts et une qualification pour la Ligue des champions à la clé. Le manager Unai Emery est l’un des meilleurs dans son domaine. Il peut m’aider à progresser.""
Tielemans a joué un rôle clé pour convaincre Onana. ""Il m’a dit beaucoup de bonnes choses sur le club. Je le connais de l’équipe nationale, et j’ai hâte de m’entraîner avec lui au quotidien. Son expérience sera précieuse pour m’aider tout au long de ce processus.""
Everton avait recruté Onana à l’été 2022 en provenance de Lille. Avant cela, il avait joué pour les clubs allemands de Hambourg et Hoffenheim. Chez les jeunes, il a été formé à Zulte Waregem, au White Star Brussels et à Anderlecht.
Depuis ses débuts il y a deux ans, Onana a accumulé dix-sept sélections avec les Diables Rouges. Il a participé à la Coupe du monde 2022 au Qatar et n’a manqué aucune minute du récent Euro en Allemagne.
Tous les sujets de l'article
Copyright © 2024 RTBF
"
Coup d'Etat en Birmanie : le chef de la junte devient président par intérimMonde,https://www.rtbf.be/article/coup-d-etat-en-birmanie-le-chef-de-la-junte-devient-president-par-interim-11408291,"Le président de Birmanie par intérim a pris congé du pouvoir pour raison de santé et transféré ses fonctions au chef de l'armée Min Aung Hlaing, a annoncé lundi la junte.
Le dirigeant par intérim Myint Swe ""a pris un congé pour cause de maladie et suit un traitement adapté"", a indiqué le porte-parolat de la junte dans un communiqué. ""Les fonctions de président par intérim ont été transférées (...) au président du Conseil administratif d'État"", a-t-il fait savoir, utilisant le nom que la junte se donne.
Selon les médias officiels birmans, il souffre d'un ""retard psychomoteur et de malnutrition"".
La Birmanie est en proie à une guerre civile depuis le coup d'État militaire de février 2021, qui a destitué la cheffe du gouvernement démocratique Aung San Suu Kyi. 
Myint Swe était vice-président du gouvernement démocratiquement élu d'Aung San Suu Kyi.  Il a ensuite été nommé par la junte président par intérim.
L'armée avait justifié sa prise de pouvoir par la force par des allégations de fraude - jamais étayées - lors des élections de 2020, largement remportées par la Ligue nationale pour la démocratie d' Aung San Suu Kyi. 
La répression de l'opposition après le coup d'État a entraîné un soulèvement armé que l'armée peine à écraser. L'état d'urgence décrété par la junte lors de sa prise du pouvoir et prolongé à plusieurs reprises doit expirer fin juillet. La junte a annoncé la tenue d'élections en 2025, les premières depuis la coup d'État militaire de 2021. Mais les critiques prédisent que ces élections ne seront ni libres ni équitables.
Tous les sujets de l'article
Copyright © 2024 RTBF
"
"Etats-Unis : Kamala Harris salue le bilan de Joe Biden, sans évoquer sa candidature à la présidentielleÉlection américaine 2024",https://www.rtbf.be/article/etats-unis-kamala-harris-salue-le-bilan-de-joe-biden-sans-evoquer-sa-candidature-a-la-presidentielle-11408290,"Kamala Harris est en pole position lundi vers l'investiture démocrate pour la présidentielle de novembre contre Donald Trump, avec une vague de ralliements au sein de son parti après le retrait choc de Joe Biden qui a plongé la campagne dans l'incertitude. A 59 ans, la première femme vice-présidente de l'histoire des Etats-Unis a salué le bilan de Joe Biden, ""sans équivalent dans l'histoire moderne"".
Kamala Harris n'a toutefois pas évoqué l'échéance électorale du 5 novembre, dans cette première prise de parole depuis dimanche, forte en symbole car faite à la Maison Blanche tandis que le président est en convalescence hors de Washington. Elle s'était déclarée la veille prête à ""remporter l'investiture"" lors de la convention démocrate mi-août à Chicago, ayant obtenu le soutien du président usé par ses 81 années.
Toutefois, divers ténors démocrates, au premier rang desquels Barack Obama, se gardent encore d'apporter un appui direct à celle qui est également la première vice-présidente noire. ""Nous allons naviguer en terrain inconnu dans les jours à venir"", a averti l'ancien président, les délégués à la convention restant libres de leur vote. Autre figure majeure du parti, Nancy Pelosi a pour l'instant gardé le silence et serait en faveur d'un processus ""ouvert"" de désignation.
Tous les sujets de l'article
Copyright © 2024 RTBF
"
"Katy Perry souhaiterait faire un duo avec Aya Nakamura, qu'elle compare à BeyoncéTipik",https://www.rtbf.be/article/katy-perry-souhaiterait-faire-un-duo-avec-aya-nakamura-qu-elle-compare-a-beyonce-11408199,"Katy Perry a récemment fait son grand retour avec un single critiqué, ""Woman's World"". Lors d'une interview en France, elle a répondu sans hésiter que si elle pouvait collaborer avec une artiste française, ce serait Aya Nakamura.
Elle compare même la chanteuse à Beyoncé : ""Je serais terrifiée car elle est un peu comme Beyoncé"". Elle a ensuite évoqué son amour pour la culture française. ""J'aime le cinéma français, le style français... J'aime leur attitude. Leur attitude est comme celle d'un chat, du style : 'Je te ferai savoir quand je voudrai une caresse'.""
Katy Perry l'a vue récemment à l’événement Vogue World, qui s’est tenu Place Vendôme à Paris. Ce défilé a marqué l’année olympique avec un spectacle unique placé sous le signe du sport et de la haute couture. Anna Wintour avait annoncé en début d’année que ""Paris serait une sorte de cérémonie d’ouverture, celle qui célèbre 100 ans de mode et de sport, ainsi que cette ville extraordinaire"". Et ce spectacle grandiose a tenu ses promesses, combinant mode, sport et performances artistiques dans une ambiance festive et chic.
Parmi les moments forts de la soirée, la chanteuse Aya Nakamura a particulièrement brillé. Sa performance de Fly dans une relecture symphonique épique a impressionné le public, et en particulier Katy Perry. Nakamura, vêtue d’une robe bustier signée Jean Paul Gaultier, a démontré une fois de plus son talent et son charisme, consolidant son statut d’icône mondiale et clouant au passage le bec aux grincheux.
 
Katy Perry avait elle-même captivé les spectateurs en défilant dans une robe spectaculaire et dénudée du styliste japonais Kei Ninomiya.
Tous les sujets de l'article
Copyright © 2024 RTBF
"
"Direct – USA : Kamala Harris salue le bilan de Joe Biden, ""sans équivalent dans l'histoire moderne"" des Etats-UnisMonde",https://www.rtbf.be/article/direct-retrait-de-biden-aux-usa-les-democrates-au-defi-de-se-relancer-apres-le-retrait-de-leur-candidat-11407938,"C’est sans précédent dans l’histoire récente des États-Unis : en jetant l’éponge dimanche, Joe Biden pourrait permettre aux démocrates de se relancer dans la course à la Maison Blanche à quatre mois de l’élection de novembre, mais ils font face à de nombreux défis.
Le président américain a beau avoir apporté son soutien à sa vice-présidente Kamala Harris dès l’annonce de son retrait de la course à la Maison Blanche, les choses paraissent loin d’être aussi simples.
Elle-même a déclaré compter ""remporter l’investiture"" démocrate pour la présidentielle en vue de ""battre Donald Trump"".
Fait marquant, la hiérarchie du parti, du chef de la majorité démocrate au Sénat, Chuck Schumer, au chef de la minorité démocrate à la Chambre des représentants, Hakeem Jeffries, a été prompte à saluer le retrait de Joe Biden mais sans pour autant soutenir la vice-présidente, la candidate naturelle pour affronter Donald Trump en novembre.
D’autres voix influentes au sein du parti, dont l’ancien président Bill Clinton et l’ancienne candidate à la Maison Blanche Hillary Clinton, ainsi que la sénatrice de gauche Elizabeth Warren ont, à l’inverse, apporté leur soutien à la vice-présidente américaine.
""Nous allons naviguer en terrain inconnu dans les jours à venir"", a confié l’ancien président Barack Obama, sans non plus soutenir Kamala Harris.
Tous les sujets de l'article
Copyright © 2024 RTBF
"
Paris 2024 : Tadej Pogacar ne participera pas aux JOJO Paris 2024,https://www.rtbf.be/article/paris-2024-tadej-pogacar-ne-participera-pas-aux-jo-11408276,"Alors qu’il vient de remporter son 3e Tour de France, Tadej Pogacar a déclaré forfait pour la course en ligne des JO le 3 août prochain. C’est ce qu’a annoncé le comité national olympique slovène ce lundi. Le leader des UAE-Emirates est ""fatigué"".
Les Jeux olympiques de Paris se feront sans Tadej Pogacar. Le Slovène, tout juste auréolé d’un troisième Tour de France a décidé de faire l’impasse sur la course en ligne où il aurait pu prétendre à une médaille. En cause, une grosse fatigue après la Grande Boucle. Car le parcours exigeant aurait pu lui permettre de remporter la médaille d’or.
En 2021 à Tokyo, il avait pris la troisième place de la course en ligne derrière Richard Carapaz et Wout van Aert. L’équipe de Slovénie sera donc composée de Matej Mohoric, Luka Mezgec et Jan Tratnik et par le remplaçant de Pogacar, Domen Novak.
Le prochain grand objectif de Pogacar sera donc le titre de champion du monde, fin septembre, avant d'aller tenter de rempoter le Tour de Lombardie pour la 4e fois, mi-octobre. 
Tous les sujets de l'article
Copyright © 2024 RTBF
"
"Joe Biden sénateur, vice-président, président mais aussi père de famille meurtri : retour en images sur 50 ans de carrière politiqueÉlection américaine 2024",https://www.rtbf.be/article/joe-biden-senateur-vice-president-president-mais-aussi-pere-de-famille-meurtri-retour-en-images-sur-50-ans-de-carriere-politique-11408170,"Joe Biden, 81 ans, ne briguera pas de nouveau mandat. Son pas de côté annonce la fin de sa carrière, le point final d’un parcours exceptionnel, en tant que sénateur pendant 36 ans, comme vice-président au côté de Barack Obama, pendant 8 ans, et enfin, évidemment, à la présidence des Etats-Unis quatre années durant.
Elu sénateur du Delaware, Joe Biden fête tout juste ses trente ans. Il est alors le plus jeune sénateur du Congrès. Il conservera ce poste pendant 36 ans, étant réélu en 1978, 1984, 1990, 1996, 2002 et 2008. De 1987 à 1995, il dirige la puissante Commission judiciaire du Sénat. Il dirigera aussi celle des Affaires étrangères.
Quelques jours avant son investiture, sa femme et sa fille meurent dans un accident de voiture. Ses deux fils sont gravement blessés. Lui n’était pas à bord. Il prêtera serment dans la chambre d’hôpital de son fils Beau, pour pouvoir rester à Wilmington, jusqu’à ce que ses fils aient récupéré. ""Sa façon simple de partager son deuil et sa capacité d’empathie à l’égard de citoyens américains qui ont perdu un proche sont devenues des caractéristiques déterminantes de sa carrière politique"", écrit l’Associated Press.
Alors président des Etats-Unis, Jimmy Carter lui apporte son soutien.
Joe Biden sera quatre fois candidat à la présidentielle américaine. La première fois, c’était en 1987. Sa seconde épouse, Jill Biden, avec qui il s’est marié en 1977 et dont il a une fille, Ashley, le soutient déjà. Mais le candidat est accusé de plagiat. Certains extraits de ses discours de campagne ont été empruntés, sans aucune citation. Il se retire.
En 1994, Bill Clinton signe le Violence Against Women Act. Le projet de loi était porté par le sénateur Joe Biden. C’est l’acte législatif dont il se dira le plus fier. La loi fera l’objet de nombreuses batailles juridiques. Il la retrouvera sur son chemin beaucoup plus tard, une fois devenu président.
En 2007, il se lance à nouveau dans la primaire démocrate, face à Barack Obama et Hillary Clinton. Il finit par se retirer, après une de ces bourdes dont il a le secret : il qualifie Obama de ""premier Afro-Américain éloquent, brillant, propre et beau."" Ce dernier ne lui en tiendra cependant pas rigueur et le choisira comme colistier.
Barack Obama est élu, Joe Biden devient son vice-président. Et rempilera quatre ans plus tard, à la réélection d’Obama.
Joe Biden, alors vice-président, reçoit avec émotion la médaille présidentielle de la liberté, la plus haute distinction civile des États-Unis.
Cette fois, c’est la bonne. Il sera investi par le parti démocrate. Et il remportera les élections face au président sortant Donald Trump. En 2016, juste après la mort de son fils Beau, décédé d’un cancer au cerveau, il avait hésité à se présenter. Mais il avait estimé qu’Hillary Clinton ferait le poids face à Trump.
Le 20 janvier 2021, il prête serment, deux semaines après la prise du capitole par des militants trumpistes et en pleine pandémie de Covid-19. Près de lui se trouvent sa femme Jill, mais aussi Kamala Harris, qu’il a choisi comme vice-présidente.
Pendant son mandat, le président Biden fait notamment adopter le plan de sauvetage américain destiné à lutter contre la pandémie de Covid-19. Il rencontre évidemment de nombreux dirigeants, dont Vladimir Poutine, puis, Volodymyr Zelensky à qui il accorde son soutien dans la guerre en Ukraine. Il sera aussi confronté à la guerre entre Israël et Gaza. Il ordonnera par ailleurs le retrait définitif des troupes américaines d’Afghanistan, qui ne se fera pas sans peine et lui vaudra des critiques.
Candidat à sa propre succession, Joe Biden essuie de plus en plus de critiques. Des questions se posent sur son âge avancé, sa capacité à assurer un second mandat. Déjà bien présente après sa prestation catastrophique lors de son débat avec Donald Trump le 27 juin, accentuée après la tentative d’assassinat qui a galvanisé Donald Trump, la pression est encore montée d’un cran en cette fin du mois de juillet. Le dimanche 21, il finit par débrancher la prise, il annonce son retrait de la course à la présidence et son soutien à Kamala Harris.
Tous les sujets de l'article
Copyright © 2024 RTBF
"
L'Ukraine annonce un accord sur la restructuration d'une partie de sa detteGuerre en Ukraine,https://www.rtbf.be/article/l-ukraine-annonce-un-accord-sur-la-restructuration-d-une-partie-de-sa-dette-11408269,"L'Ukraine a annoncé lundi avoir conclu un accord préliminaire sur la restructuration d'une partie de sa dette pour un montant de 20 milliards de dollars, alors que le pays fait face depuis deux ans et demi à une invasion russe.
Selon le ministère ukrainien des Finances, Kiev est parvenu à ""un accord de principe"" avec un groupe de créanciers privés internationaux pour restructurer treize séries d'euro-obligations, une mesure qui permettra au pays d'économiser 11,4 milliards de dollars au cours des trois prochaines années et 22,75 milliards d'ici 2033. ""Les fonds libérés soutiendront la stabilité macro-financière de l'Ukraine, ce qui nous permettra de financer les besoins les plus urgents face à l'invasion russe"", a indiqué le ministre des Finances Serguiï Martchenko sur X.
Selon lui, le gouvernement ukrainien a déployé des ""efforts considérables pour faire aboutir cette décision"", après des négociations avec un groupe représentant environ un quart des détenteurs privés d'obligations. Ce groupe s'est félicité dans un communiqué d'être parvenu ""à un accord rapide et constructif avec le gouvernement"" ukrainien. ""Nous sommes heureux de pouvoir fournir un allègement significatif de la dette à l'Ukraine, de l'aider dans ses efforts pour retrouver son accès aux marchés internationaux des capitaux et de soutenir la reconstruction future du pays"", a-t-il affirmé dans le communiqué.
Le Premier ministre Denys Chmygal a lui indiqué que la restructuration de la dette ukrainienne permettra de ""libérer des ressources pour la défense, les dépenses sociales et la reconstruction"".
L'Ukraine a bénéficié depuis le début de l'invasion russe en 2022 d'un important soutien financier international, mais a également dû s'endetter pour assurer sa défense, maintenir les services publics à flot, payer les salaires de fonctionnaires et assurer la prise en charge des déplacés internes.
Tous les sujets de l'article
Copyright © 2024 RTBF
"
Flandre : la police cherche deux wallabys qui se sont échappés à De PinteInfos locales,https://www.rtbf.be/article/flandre-la-police-cherche-deux-wallabys-qui-se-sont-echappes-a-de-pinte-11408271,"Deux wallabys, des marsupiaux semblables à des petits kangourous, se sont échappés à hauteur de la Grote Steenweg dans la commune de De Pinte (Flandre orientale), a indiqué la police.
Un premier wallaby a été remarqué à un carrefour samedi, avant que la police ne soit contactée. Les pompiers se sont également rendus sur les lieux pour attraper l'animal. Ce dernier a réussi à s'échapper dans un champ de maïs et n'a pas été rattrapé depuis. 
Entre-temps, la police a pu contacter le propriétaire et il semble que le deuxième se soit également échappé. Il s'agit d'un mâle et d'une femelle, a précisé la commissaire Delfien Van Hoorebeke. La femelle est introuvable, le mâle continue de circuler dans la zone mais n'est pas encore retourné auprès de son propriétaire.  
La police précise que les animaux ne sont pas dangereux. Si une personne les aperçoit, elle est invitée à contacter le 112.
Tous les sujets de l'article
Copyright © 2024 RTBF
"
C’est de plus en plus tendance : les amateurs de rando ou de vacances en solitaire se font géolocaliser par sécuritéBelgique,https://www.rtbf.be/article/c-est-de-plus-en-plus-tendance-les-amateurs-de-rando-ou-de-vacances-en-solitaire-se-font-geolocaliser-par-securite-11408211,"Amandine ne part jamais en vacances en solitaire sans avoir partagé sa géolocalisation. Elle utilise plusieurs applications gratuites sur son smartphone qui permettent d’envoyer sa localisation à son grand frère et à ses copines. ""C’est une question de tranquillité d’esprit pour moi et pour mes proches"" explique-t-elle, ""une question de précaution, en activant ma géolocalisation, je sais que quoi qu’il arrive, les services d’urgence pourront me pister et me retrouver ou si je suis blessée, avoir ma dernière localisation"".
Tout le monde ne le sait pas forcément, mais nos smartphones regorgent d’applications qui permettent de partager notre localisation. Exemple Google Maps, le plus connu, le plus facile à utiliser selon Amandine mais qui continue à nous suivre sur le long terme. Alors elle utilise plutôt aujourd’hui, WhatsApp ou Snapchat, toutes les deux gratuites.
Se faire géolocaliser lui a déjà servi. Elle se rappelle : ""Une fois lors d’une randonnée, je m’en suis servie, pas pour moi mais pour une dame qui était sur le chemin complètement déboussolée. Cela m’a aidé d’appeler avec mon smartphone, connecté il a tout de suite repéré où je me trouvais. Le 112 a immédiatement pris le relais"".
Et de conclure : ""Je ne suis pas convaincue à 100% que c’est essentiel mais savoir que mon frère peut me suivre à distance, cela permet de mieux profiter de ma rando. J’ai aussi convaincu quelques copines que je suis à distance d’ailleurs quand elles partent en voyage ou en trek"".
Mais si l’on veut mener une expédition plus lointaine, une ascension de montagne ou un trek dans le désert, on peut aussi utiliser des systèmes de trackers payants qui utilisent eux les réseaux satellitaires GPS. Simon Favresse, responsable d’un magasin qui vend des articles pour l’aventure (AS Adventure) le confirme les jeunes amateurs de randos sont de plus en plus nombreux à s’équiper : ""Cela peut s’adresser à des personnes qui veulent faire un trek en toute autonomie, ou qui font un voyage risqué mais aussi qui veulent communiquer leur position avec leurs proches. On peut dire au GPS de la communiquer toutes les 30 secondes ou toutes les 10 minutes en fonction de l’activité"".
Et d’évoquer la sécurité, ""Il y a une fonction 'suivi' mais aussi 'SOS' qui envoie directement un signal de détresse au système, par exemple Garmin, qui peut alors envoyer les secours sur place là où se trouve la personne"".
 
Ici, les trackers sont payants, leur prix varie de 300 euros pour le petit traceur qui va juste envoyer un signal de détresse à 1000 euros pour les plus grands qui comportent un GPS qui peut vous indiquer par où partir en suivant le tracé que vous vous êtes fixé. Il peut aussi envoyer des messages qui sont enregistrés dans le système.
Exemple ? ""Maman, je vais bien"", cela va directement au contact (ici la mère) qui dès lors est rassuré.
Pour Simon Favresse il y a des avantages au tracker GPS : ""Il n’utilise pas le réseau cellulaire (GSM), il n’a pas besoin d’antennes relais pour communiquer à la police sa position. Il travaille avec un réseau de satellites. Il est plus économe en énergie. La batterie peut tenir de 2 semaines à un mois avec une seule charge contrairement au smartphone. Et puis, le réseau satellitaire couvre le monde entier"".
Pour tous les amateurs de randos ou de voyage en solitaire, il pourrait donc être utile en cas d’urgence.
Tous les sujets de l'article
Copyright © 2024 RTBF
"
"Anne Roumanoff : ""Le rejet est quelque chose de très douloureux chez moi""Face à la juge Gruwez",https://www.rtbf.be/article/anne-roumanoff-le-rejet-est-quelque-chose-de-tres-douloureux-chez-moi-11408230,"Anne Roumanoff est face à la juge Anne Gruwez et son greffier David Barbet.
La juge connue dans ""Ni juge, ni soumise"" convoque des personnalités dans son bureau pour un interrogatoire inoubliable.
Anne Roumanoff revient sur son divorce et la vie de couple : ""Quand il n'y a plus de désir dans un couple, il n'y a plus rien. Je pense que le désir peut durer plusieurs années. Il n'y a plus de contraintes quand on divorce, on est libre. Je ne supporte plus la phrase ""Qu'est-ce qu'on mange"".""
L'humoriste évoque aussi son inadaptation dans la société : ""Je suis très emphatique. Je sens les ondes des gens, j'aimerais me protéger de cela. Je suis une hypersensible. J'ai dû mal à trouver ma place, j'ai toujours eu le sentiment d'insécurité. Je ne me sentais pas ancrée en France. J'étais pétrie de peur durant mon enfance. J'étais observatrice pour comprendre les codes. Le rejet est quelque chose de très douloureux chez moi, mon père a été rejeté par son père.""
Anne Roumanoff confie avoir souffert du rejet : ""L'impression que tout s'effondre. Je pouvais rester dans mon lit, c'était violent. J'avais l'impression que plus rien n'avait de sens.""
Elle parle aussi du changement dans ses vêtements avec l'abandon de la couleur rouge : ""Cela s'est fait après mon divorce mais je ne sais pas si il y a un rapport. Je vois la vie comme un fleuve, rien n'est figé pour moi.""
Retrouvez ""Face à la juge Gruwez"" à n’importe quel moment sur Auvio.
 
Tous les sujets de l'article
Copyright © 2024 RTBF
"
Le beau temps a attiré quelque 300.000 touristes à la mer le temps d'un week-endBelgique,https://www.rtbf.be/article/le-beau-temps-a-attire-quelque-300-000-touristes-a-la-mer-le-temps-d-un-week-end-11408235,"La météo clémente du week-end dernier a permis à de nombreuses personnes de profiter d'un agréable week-end à la mer. Quelque 300.000 touristes d'un jour s'y sont ainsi rendus, et les hôtels de la côte ont pu compter sur un taux d'occupation de près de 95%, ont révélé les chiffres publiés lundi par l'office du tourisme de Flandre occidentale Westtoer.
L'industrie hôtelière côtière aura dû attendre un moment, mais grâce au retour du soleil et des températures estivales, le bord de mer a été très fréquenté lors du week-end de la Fête nationale. Pour la première fois cet été, on peut parler d'un ""week-end exceptionnel"".
La SNCB avait renforcé l'offre des trains à destination d'Ostende et de Blankenberge, tandis que les hôtels de la côte ont enregistré de nombreuses réservations. Quelque 450.000 nuitées touristiques ont été enregistrées. Les hôtels de la côte ont pu compter sur un taux d'occupation moyen de 90 à 95 %.
Selon Westtoer, le nombre de nuits réservées est supérieur de 2% à celui de l'année dernière. Par rapport à 2023, le nombre de touristes d'un jour a augmenté de 35 %. L'année dernière, le 21 juillet tombait un vendredi.
Tous les sujets de l'article
Copyright © 2024 RTBF
"
Tour de Wallonie : Jordi Meeus s’impose au sprint lors de la première étapeCyclisme,https://www.rtbf.be/article/tour-de-wallonie-jordi-meeus-s-impose-au-sprint-lors-de-la-premiere-etape-11408200,"La première étape du Tour de Wallonie était promise aux sprinters et ça a été le cas malgré les 1855 mètres de D +. C’est Jordi Meeus (Red Bull – Bora – hansgrohe) qui s’est imposé facilement au sprint. Madis Mihkels (Intermarché – Wanty) termine second, Paul Penhoët (Groupama – FDJ) troisième.
Alors que le Tour de France s’est terminé ce dimanche, la 45e édition du Tour de Wallonie démarrait ce lundi. Avec du beau monde et un beau programme. Pour la première étape, 179,2km étaient au programme entre Tournai et Fleurus.
S’il y avait pas mal de dénivelés à gravir et quelques secteurs pavés à franchir, c’est tout de même au sprint que la victoire s’est jouée malgré une chute à un peu plus d’un kilomètre de l’arrivée. Une erreur de parcours à 1,5 kilomètre de l’arrivée a perturbé le final de la course, mettant notamment l’Italien Alberto Dainese (Tudor) et Jasper De Buyst (Lotto Dstny) hors concours.
Dans la dernière ligne droite, c’est Jordi Meeus qui s’est imposé. C’est la 19e victoire de la saison son équipe Red Bull – Bora – hansgrohe. Cela faisait aussi 58 jours que le Belge n’avait plus levé les bras depuis sa victoire lors de la 3e étape du Tour de Norvège. Meeus s’empare par la même occasion du maillot orange de leader du classement général. Il compte 4 secondes d’avance sur Mihkels, et 6 sur Penhoët.
""Il n’y a pas eu de Tour de France pour moi, mais je me suis bien préparé pour la suite de la saison et la victoire le prouve. C’était une étape difficile et puis il y a eu une chute à 1,5km de l’arrivée, mais j’ai pu rester en place. La course a été assez animée, mais mon équipe a été en mesure de m’aider à me faire gagner"", explique le coureur après sa victoire.
Mardi, c’est 188,25km qui attendent les coureurs entre Saint-Ghislan et Ouffet. Une étape qui pourrait encore couronner un sprinter et permettre à Meeus de conserver son maillot de leader. Les coureurs affronteront trois ascensions de 2e catégorie, dont la côte de Géromont (1,6 km à 8,1%) à une dizaine de kilomètres du terme avant la montée finale vers Ouffet.
Le Tour de Wallonie prendra fin vendredi à Thuin, où sera couronné le successeur de l’Italien Filippo Ganna au palmarès de l’épreuve.
Tous les sujets de l'article
Copyright © 2024 RTBF
"
621 perceptions immédiates pour faits de drogues lors de l’édition 2024 des ArdentesLiège,https://www.rtbf.be/article/621-perceptions-immediates-pour-faits-de-drogues-lors-de-l-edition-2024-des-ardentes-11408071,"Pas moins de 660 festivaliers ont été contrôlés en possession de drogue lors du festival Les Ardentes, qui s’est déroulé du 11 au 14 juillet à Rocourt. Au total, les policiers ont saisi 730,42 grammes de haschich, 829,58 grammes de marijuana, 7,1 grammes de cocaïne et 4,3 grammes de champignons.
Parmi les 660 personnes concernées par ces saisies, on dénombre 264 Belges et 372 de nationalité française, explique le parquet de Liège. Lors du festival, 621 perceptions immédiates (contre 477 en 2023) ont été réalisées pour un montant de 28.825 euros. ""Toute personne surprise en possession ou en train de consommer de la drogue ou du protoxyde d’azote s’est vu proposer une transaction pénale immédiate via un système de QR code. En cas de non-paiement, la personne concernée est poursuivie en justice,"" fait savoir le parquet de Liège.
Pour la première fois, des ""poubelles de la dernière chance"" ont été installées à l’entrée du festival. Elles devaient permettre aux festivaliers de volontairement jeter leur drogue. Au total, 406 grammes de stupéfiants ont été retrouvés dans ces poubelles.
Tous les sujets de l'article
Copyright © 2024 RTBF
"
Best of de l’humour sur Threads : les 10 meilleures publications de la semaine 29Réseaux sociaux,https://www.rtbf.be/article/best-of-de-l-humour-sur-threads-les-10-meilleures-publications-de-la-semaine-29-11408062,"Chaque semaine, la RTBF vous propose les 10 publications Threads les plus drôles et décalées de la semaine précédente
J'ai rencontré quelqu'un plus tôt cette année qui a pris comme résolution du Nouvel An de rencontrer 300 chiens et elle avait une liste détaillée de tous les chiens qu'elle avait rencontrés jusqu'à présent et j'y pense tous les jours.
Meilleur conseil pour économiser de l'argent : Couchez-vous et ne bougez pas
Je déteste vraiment comment le Prime Day d'Amazon est devenu si commercial.
Est-ce que tu as déjà fait pipi et ensuite tu dois encore faire pipi après avoir fait pipi mais tu ne peux pas faire pipi parce que tu viens de faire pipi.
Et pour bien commencer la semaine, voici le générique de La Bande à Picsou en live
Tous les sujets de l'article
Copyright © 2024 RTBF
"
"Avec son arrivée à Aston Villa, Amadou Onana entre dans le top 10 des transferts belges les plus onéreuxDiables Rouges",https://www.rtbf.be/article/avec-son-arrivee-a-aston-villa-amadou-onana-entre-dans-le-top-10-des-transferts-belges-les-plus-onereux-11405043,"C’est désormais officiel, Amadou Onana a un nouveau club ! Le milieu défensif belge tente l’aventure avec Aston Villa. Ce qui permet à Everton de recevoir une coquette somme qui s’élèverait, selon Transfermarkt, à 59,35 millions d’euros. Ce qui fait du joueur de 22 ans l’un des plus gros transferts en termes financiers pour un joueur belge.
Il faut dire que le joueur, malgré son jeune âge, s’est fait une sacrée réputation et était assez prisé. Véritable patron, il en impose tant par son jeu que par son caractère. On comprend qu’Unai Emery et Aston Villa soient tombés sous son charme et le Diable pourrait s’avérer un pion essentiel de l’équipe pour disputer et la Premier League et la Ligue des Champions. Précieux tant sur un terrain que dans les vestiaires, le joueur d’1m95 espère très certainement que cette nouvelle aventure en Angleterre pourra lui servir de dernier tremplin vers les toutes grandes écuries européennes et, qui sait, lui permettre de grimper dans le classement des plus gros transferts belges.
Dans le top 10 des transferts les plus chers, on retrouve toujours Eden Hazard tout en haut de la pile. Les 120 millions d’euros dépensés par le Real Madrid seront difficiles à égaler. Romelu Lukaku avec ses nombreux gros transferts figure trois fois dans ce classement où ce sont souvent de grosses écuries de Premier League qui ont mis la main au portefeuille pour s’octoyer les services des meilleurs joueurs belges.
1) Eden Hazard – 120 millions : de Chelsea au Real Madrid en 2019
2) Romelu Lukaku – 113 millions : de l’Inter Milan à Chelsea en 2021
3) Romelu Lukaku – 85 millions : de Everton à Manchester United en 2017
4) Kevin De Bruyne – 76 millions : de Wolfsburg à Manchester City en 2015
5) Romelu Lukaku – 74 millions : de Manchester United à l’Inter Milan en 2019
6) Jeremy Doku – 65 millions : de Rennes à Manchester City en 2023
7) Roméo Lavia – 62 millions : de Southampton à Chelsea en 2023
8) Amadou Onana – 59 millions : d’Everton à Aston Villa en 2024
9) Christian Benteke – 46 millions : d’Aston Villa à Liverpool en 2015
10) Youri Tielemans – 45 millions : de l’AS Monaco à Leicester City en 2019
Tous les sujets de l'article
Copyright © 2024 RTBF
"
Les Sims 4 Amour Fou : tout ce que l’on sait sur le prochain pack d’extensionJeux vidéo,https://www.rtbf.be/article/les-sims-4-amour-fou-tout-ce-que-l-on-sait-sur-le-prochain-pack-d-extension-11408123,"Le 16e pack d’extension des Sims 4 : Amour Fou arrive ce jeudi 25 juillet. Comme son nom l’indique, les relations amoureuses seront mises à l’honneur. De nombreuses fonctionnalités sont donc ajoutées pour pimenter la vie sentimentale de vos Sims, comme une application de rencontre, des jeux de séduction ou encore de nouveaux lieux pour faire crac-crac.
Comme la plupart des DLC, il est accompagné d’une mise à jour gratuite du jeu de base, ajoutant des nouveautés, dont certaines en lien avec ce pack d’extension. Par exemple, votre Sims pourra être polyamoureux, et donc entretenir plusieurs relations romantiques et / ou sexuelles.
L’une des grosses nouveautés du pack d’extension Amour est Cupid’s Corner, l’application de rencontre des Sims. Votre personnage pourra ""liker"" une personne, puis organiser un rencard avec le nouveau système de planification de rendez-vous qui permet de choisir où aller et quoi faire. Mais avant de conclure avec votre ""date"", il faudra lui plaire, et ça ne sera pas si simple que ça. En effet, le DLC met un point d’honneur sur l’attraction entre deux Sims. Ainsi, certains éléments, comme des interactions ou des centres d’intérêt, peuvent attirer ou dégoûter un autre personnage. Il semblerait donc qu’il soit plus difficile de trouver un partenaire avec ce pack d’extension. Avant, il était relativement facile de draguer et de conclure avec son âme sœur dans le jeu.
De plus, la romance devient une compétence. Donc, plus votre Sims charmera autrui, plus il gagnera de l’expérience dans la drague afin de devenir un vrai bourreau des cœurs par exemple. Votre personnage peut également utiliser ce talent pour faire carrière en devenant conseillers en romance.
Comme dit plus haut, le polyamour arrive dans le jeu. Les Sims pourront alors entretenir plusieurs relations en même temps, sans que cela ne pose de problèmes. Quatre paramètres ont été ajoutés dans la création du personnage pour fixer les limites romantiques de celui-ci, permettant de contrôler les conditions pour que le Sims devienne jaloux. Il faudra modifier ces paramètres pour que le personnage accepte d’avoir une relation libre ou polyamoureuse.
Les personnages non jouables deviennent également plus réalistes avec le DLC. Ils pourront proposer à votre Sims des changements dans leur relation. ""Lorsqu’un autre Sims souhaite faire avancer la relation, vous recevrez une invitation vous demandant d’accepter ou de rejeter ce changement"" a expliqué Josh Contreras, Game Designer, lors de l’avant-première de Amour Fou. Ce n’est donc plus à votre Sims de faire le premier pas ou sa demande en mariage.
Avec toutes ces nouveautés, vos Sims risquent de passer l’été le plus torride qu’ils n’ont jamais vécu depuis la sortie du jeu de base en 2014.
Tous les sujets de l'article
Copyright © 2024 RTBF
"
"Deux ballons sur le terrain, geste anti fair-play : le penalty fou accordé à FlamengoFootball",https://www.rtbf.be/article/deux-ballons-sur-le-terrain-geste-anti-fair-play-le-penalty-fou-accorde-a-flamengo-11408160,"Depuis dimanche, un penalty accordé à Flamengo, au Brésil, fait le tour des réseaux sociaux.
La rencontre de la 18e journée du championnat brésilien entre Flamengo et Criciuma a été marquée par une polémique autour d’un penalty accordé en fin de partie aux locaux. Alors que le score était de 1-1 à la 89e, Everton, bien positionné dans la surface adverse, a vu le ballon disparaître sous ses yeux… La faute à un certain Gustavo Barreto. Le défenseur de Criciuma est en effet venu taper dans le ballon… avec un autre ballon qui traînait sur la pelouse depuis quelques secondes. Un comportement sanctionné d’un penalty par l’arbitre, comme le stipule l’article 12.4 des lois du jeu : ""Si un joueur qui se trouve sur le terrain […] lance ou botte un objet (y compris un ballon) vers […] le ballon du match, alors le jeu reprendra par un coup franc direct à l’endroit où il a (ou aurait) heurté la personne ou le ballon […] si cet endroit est dans la surface de réparation du joueur fautif, un penalty sera accordé"".
L’arbitre brésilien a donc pris la bonne décision en accordant un penalty à Flamengo. Notons que dans un monde idéal, l’arbitre aurait directement vu le deuxième ballon et aurait interrompu le jeu avant que l’action ne se poursuive jusque dans la surface.
Gabriel Barbosa, entré en jeu quelques minutes plus tôt, a finalement converti le penalty et permis à Flamengo de s’imposer 2 buts à 1.
Tous les sujets de l'article
Copyright © 2024 RTBF
"
"Russie : 6,5 ans ferme pour une journaliste russo-américaine jugée en ""secret""Guerre en Ukraine",https://www.rtbf.be/article/russie-6-5-ans-ferme-pour-une-journaliste-russo-americaine-jugee-en-secret-11408234,"La journaliste russo-américaine Alsu Kurmasheva a été condamnée à six ans et demi de prison pour des écrits sur l'offensive russe en Ukraine, a annoncé le tribunal lundi, son employeur dénonçant lui un procès ""secret"" et une ""parodie de justice"".
D'ordinaire, même dans les affaires jugées à huis clos, l'audience du verdict est annoncée à l'avance par les tribunaux. Ce ne fut pas le cas pour cette affaire, selon les proches de la journaliste, alors que la Russie a engagé une répression tous azimuts des critiques du Kremlin et de son offensive en Ukraine. 
""Vendredi, la condamnation d'Alsu Kurmasheva a été prononcée. Six ans et demi"", a indiqué de manière laconique Natalia Losseva, la porte-parole du tribunal de Kazan, au Tatarstan, une république du centre de la Russie, qui a rendu le verdict.  
Cette décision a suscité la colère de Radio Free Europe, Radio Liberty (RFE/RL), un média financé par les Etats-Unis depuis l'époque de la Guerre Froide et aujourd'hui basé à Prague.  
""Ce procès secret et cette condamnation sont une parodie de justice. La seule conclusion juste serait la libération immédiate d'Alsu"", a réagi Stephen Capus, président de RFR/RL. Le mari de la journaliste, Pavel Butorin, avait lui aussi dénoncé vendredi sur X le ""secret"" imposé par la justice russe sur cette affaire, ""bien qu'Alsu ne soit pas accusée d'espionnage ou de trahison"".  
""Sa famille n'a pas été informée de la date du procès ni des 'preuves' de la 'culpabilité' d'Alsu. Ses ravisseurs doivent être gênés de divulguer toute information relative aux poursuites"", a-t-il dénoncé.  
Mme Kurmasheva a donc été condamnée le même jour que le reporter américain Evan Gershkovich, qui a lui écopé de 16 ans de prison pour des accusations d'espionnage.  
Agée de 47 ans, la journaliste avait été arrêtée en Russie en octobre 2023.
Tous les sujets de l'article
Copyright © 2024 RTBF
"
"Présidentielle américaine : le Secret Service a ""échoué"" dans sa mission de protéger Trump, dit sa directriceÉlection américaine 2024",https://www.rtbf.be/article/presidentielle-americaine-le-secret-service-a-echoue-dans-sa-mission-de-proteger-trump-dit-sa-directrice-11408215,"Le Secret Service a ""échoué"" dans sa mission de protéger le candidat républicain à l'élection présidentielle américaine Donald Trump, visé le 13 juillet en Pennsylvanie par une tentative d'assassinat, a assuré lundi sa directrice Kimberly Cheatle lors d'une audition au Congrès.
""La mission solennelle du Secret Service est de protéger les dirigeants de notre nation (...). Le 13 juillet, nous avons échoué"", a dit Kimberly Cheatle devant une commission de la Chambre des représentants.  
""En tant que directrice, j'assume la pleine responsabilité de toute faille de sécurité"", a-t-elle ajouté, qualifiant les évènements de ""plus important échec opérationnel du Secret Service depuis des décennies"".  
Depuis le 13 juillet, son service, chargé de la protection des hautes personnalités américaines, fait face à des critiques sur d'éventuels manquements et défaillances humaines. Et des appels à la démission de Mme Cheatle sont venus des deux côtés de l'échiquier politique.  
Une enquête indépendante a été ordonnée pour faire la lumière sur les circonstances de la tentative d'assassinat contre Donald Trump et notamment déterminer comment un tireur a pu se retrouver sur le toit d'un immeuble avec un fusil semi-automatique, à moins de 150 mètres de l'estrade où le candidat s'exprimait lors d'un meeting à Butler, en Pennsylvanie, dans le nord-est des États-Unis.  
Ce week-end, des médias américains ont rapporté que le Secret Service avait rejeté des demandes de renforcement de la sécurité de Donald Trump par le passé.  
Ce service s'occupe entre autres de la sécurité du président, du vice-président, des anciens présidents et de leurs familles, ainsi que des principaux candidats aux élections et des chefs d’État étrangers en déplacement aux États-Unis.
Tous les sujets de l'article
Copyright © 2024 RTBF
"
"La love-story de Meryl et Claudio, mariés grâce à VivaCité20 ans VivaCité",https://www.rtbf.be/article/la-love-story-de-meryl-et-claudio-maries-grace-a-vivacite-11408158,"En 2012, deux amoureux, Meryl et Claudio, participent à un concours organisé par VivaCité et l’équipe de Sans-Chichis. À la clé : leur mariage ! 12 ans plus tard à l’occasion des 20 ans de VivaCité, Meryl et Claudio nous racontent cette folle aventure.
C’est une séquence marquante du documentaire VivaCité, 20 ans d’émotions et de complicité, qui vous faisait découvrir les coulisses de l’anniversaire de la station célébré le 29 février dernier.
Meryl et Claudio vivaient ensemble depuis huit ans. ""On avait comme projet de se marier, mais pas tout de suite"", se souviennent-ils. ""En 2012, ma maman découvre dans un magazine l’existence d’un concours pour gagner son mariage via VivaCité, et elle nous a un peu poussés.""
Ça fait 20 ans que nous sommes ensemble, donc on fête aussi nos 20 ans comme VivaCité.
C’est finalement eux qui seront choisis, et le couple sera accompagné pendant une semaine dans l’émission Sans-Chichis.
Pour les 20 ans de VivaCité, Meryl et Claudio sont revenus sur cette incroyable aventure, de leur candidature au concours au choix des faire-part, à la préparation, la cérémonie et la fête de mariage en compagnie notamment de Joëlle Scoriels, Adrien Devyver et Gérald Wathelet, comme s’ils faisaient partie de la famille.
Un moment à revivre sur Auvio dans le documentaire VivaCité, 20 ans d’émotions et de complicité.
Tous les sujets de l'article
Copyright © 2024 RTBF
"
"Brillant sur le Tour de France, Biniam Girmay prolonge chez Intermarché-WantyTour de France",https://www.rtbf.be/article/brillant-sur-le-tour-de-france-biniam-girmay-prolonge-chez-intermarche-wanty-11408188,"Le coureur cycliste érythréen Biniam Girmay a prolongé son contrat auprès de l’équipe Intermarché-Wanty jusqu’en 2028. La formation belge en a fait l’annonce par voie de communiqué, lundi.
Arrivé en 2021 dans l’équipe dirigée par Jean-François Bourlard, Biniam Girmay (24 ans) a écrit l’histoire du cyclisme cet été, en devenant le premier noir africain à remporter une étape du Tour de France. Il a ensuite ajouté deux succès supplémentaires sur la course, et a ainsi décroché le maillot vert du classement par points. L’Érythréen est le premier Africain à remporter un maillot distinctif sur la Grande Boucle.
Tous les sujets de l'article
Copyright © 2024 RTBF
"
Le développeur de Call of Duty : Black Ops 6 dévoile que l’omnimouvement ne sera pas désactivableJeux vidéo,https://www.rtbf.be/article/le-developpeur-de-call-of-duty-black-ops-6-devoile-que-l-omnimouvement-ne-sera-pas-desactivable-11408122,"Bien qu’Activision n’ait pas pour habitude de changer une recette qui fonctionne, le développeur de ""Call of Duty : Black Ops 6"" a tout de même souhaité faire quelques menus changements pour rafraîchir l’expérience de sa franchise ""Black Ops"" aujourd’hui vieille de près de 15 ans.
Parmi ces changements, une nouveauté semble diviser la communauté : ""l’omnimouvement"". Pour faire simple, il sera désormais possible de sprinter dans toutes les directions là où auparavant il n’était possible que de sprinter vers l’avant. La vidéo ci-dessous présente cette nouveauté à partir de 9 : 38.
En prenant cette décision la franchise fait un petit pas vers les ""fast FPS"" plus rapides et plus nerveux que les FPS (First Person Shooter) traditionnels, et une partie des joueurs ont maintenant peur de ne pas retrouver les sensations qu’ils aimaient dans le Call of Duty de leur jeunesse.
Dernièrement Stephanie Snowden, directrice principale de la communication des studios d’Activision, a déclaré dans un podcast consacré à la licence ""Call of Duty"" qu’il n’y aurait pas d’option pour désactiver ""l’omnimouvement"".
""L’Omnimouvement est un mécanisme fondamental du jeu, donc vous ne pouvez pas le désactiver. Mais je pense que les gens l’ont peut-être confondu avec une autre nouvelle fonctionnalité, également une partie du mouvement, appelée 'Mouvement Intelligent'.""
Ce mouvement intelligent est décrit comme une ""suite de paramètres créée par le joueur"" qui peuvent être activés ou désactivés, et qui sont conçus pour "" réduire les pressions sur les boutons "". Selon Matt Scronce, directeur associé de la conception chez Treyarch (le studio qui développe le jeu), il peut être utilisé par exemple pour sprinter, ou s’habiller automatiquement, ou encore ajouter des très légers délais dans les inputs pour s’adapter aux préférences des joueurs.
""Call of Duty : Black Ops"" 6 sera disponible le 25 octobre 2024 sur les consoles ""next-gen"" (Xbox Series X & S et Playstation 5) mais aussi sur l’ancienne génération de consoles (Xbox One et PlayStation 4) et PC. La bêta quant à elle devrait débuter le 30 août prochain.
Tous les sujets de l'article
Copyright © 2024 RTBF
"
"Elections communales à Marche-en-Famenne, Willy Borsus et Stéphane De Mul ne seront plus tête de listeLuxembourg",https://www.rtbf.be/article/elections-communales-a-marche-en-famenne-willy-borsus-et-stephane-de-mul-ne-seront-plus-tete-de-liste-11408208,"A Marche-en-Famenne, face aux Engagés, liste du Mayeur poussée par l’inamovible Bourgmestre André Bouchat et conduite par le Premier Échevin Nicolas Grégoire, les autres listes se précisent. Au MR, l’ancien Ministre Wallon Willy Borsus, ne sera plus tête de liste, il la poussera et c’est un nouveau venu en politique mais bien connu des Marchois qui conduira la liste, Hugues Glatigny. Un pur marchois, impliqué dans divers mouvements locaux et frère de la Ministre de l’Enseignement Obligatoire, Valérie Glatigny. Hugues Glatigny gère sa société de consultance spécialisée en vente et marketing. Quant à Willy Borsus, devenu Président du Parlement Wallon, il sera toujours actif dans l’équipe du MR marchois et se positionne pour occuper, en cas de victoire de son équipe, le poste de Président du conseil communal ! 
Nouvelle tête de liste également pour le PS de Marche. L’actuel Président du Collège Provincial, Stéphane Demul sera à nouveau tête de liste à la Province pour y briguer un nouveau mandat et dès lors il pousse la liste communale marchoise.  A la tête de la liste PS, il y a le jeune Gauthier Wéry, chef de groupe au conseil communal, attaché parlementaire, puis membre de cabinets ministériels socialistes. Il a réalisé un très beau score aux élections fédérales de juin. Enfin, Ecolo Marche mise sur sa conseillère sortante, Nicole Graas en tandem avec l’ex-Député Fédéral, Olivier Vajda pour emmener la liste.
Tous les sujets de l'article
Copyright © 2024 RTBF
"
Officiel : Amadou Onana franchit un palier et rejoint Youri Tielemans à Aston VillaPremier League,https://www.rtbf.be/article/officiel-amadou-onana-franchit-un-palier-et-rejoint-youri-tielemans-a-aston-villa-11407922,"Comme annoncé, Amadou Onana quitte Everton et rejoint Aston Villa où il va retrouver un certain Youri Tielemans.
Après Hambourg, Lille et Everton, Amadou Onana va donc bien découvrir un quatrième club professionnel mais pas un nouveau championnat. En effet, Aston Villa a annoncé ce lundi le transfert du Diable rouge qui sera donc finalement resté deux ans à Everton où il aura été un acteur important dans la lutte pour le maintien.
Parmi les cadres d'Everton, le médian franchit, avec ce transfert, un véritable pas en avant alors que l'équipe d'Unaï Emery sort d'une excellente saison terminée à la quatrième place qui lui a ouvert les portes de la prochaine Ligue des champions.
À Villa, celui qui fait désormais partie des transferts entrants les plus importants de l'histoire du club, va retrouver deux autres Diables : Youri Tielemans et Leander Dendoncker. Si le second va sans doute partir avant la fin du mercato, Onana pourrait bien se battre pour une place dans le onze avec Tielemans qu'il a déjà côtoyé plusieurs fois en équipe nationale. Toutefois, il sera difficile de s'imposer malgré le départ de l'indispensable Douglas Luis à la Juventus, d'autant que l'expérimenté Ross Barkley est arrivé il y a quelques semaines. Onana a désormais un petit mois de préparation au programme jusqu'à son premier match de championnat avec son nouveau club le 17 août prochain.
Tous les sujets de l'article
Copyright © 2024 RTBF
"
"Reproches, insultes : Max Verstappen a perdu son sang-froid en HongrieFormule 1",https://www.rtbf.be/article/reproches-insultes-max-verstappen-a-perdu-son-sang-froid-en-hongrie-11408181,"Max Verstappen sent-il le vent tourner ? Peu habitué à jouer les seconds rôles, le triple champion du monde a perdu son sang froid dimanche, lors du Grand Prix de Hongrie. Cinquième à l’arrivée, le Néerlandais s’en est pris à sa voiture, son équipe et plus particulièrement à son ingénieur Giampiero Lambiase.
""Cette putain de chose ne tourne tout simplement pas, c’est incroyable !"", a déclaré Verstappen à la radio, sans doute agacé par la supériorité des McLaren à Budapest.
""Ne me faites pas la morale ! Vous m’avez donné une stratégie de merde et j’essaie de sauver les meubles"", a-t-il poursuivi, visant son ingénieur Giampiero Lambiase après son dépassement manqué sur Lewis Hamilton.
Excédé par le comportement de son pilote, ""GP"" l’a finalement recadré : ""Nous allons laisser les commissaires faire leur travail. C’est puéril, Max, ce sont des enfantillages"".
L’histoire aurait pu s’arrêter là, mais Verstappen en a décidé autrement. Après la course, le Néerlandais a exprimé sa colère envers son équipe… et ses détracteurs.
""Ils peuvent tous aller se faire foutre. Nous n’avions pas le rythme nécessaire pour nous battre avec McLaren aujourd’hui, mais je pense que nous aurions pu obtenir la troisième place. Les mauvais choix de stratégie m’ont mis sur le reculoir et j’ai dû constamment me battre avec les gens, en essayant de les dépasser, et cela n’a pas fonctionné aujourd’hui. La piste est très chaude et dès que vous vous rapprochez des voitures, les pneus surchauffent et, en fait, tout l’avantage que vous avez avec les pneus est perdu"".
Voyant son poulain critiqué de toutes parts, Christian Horner, le patron de l’écurie Red Bull, a tenté d’apaiser les tensions au lendemain du Grand Prix.
""Écoutez, ils sont grands, ils sont ensemble depuis huit ans, et… oui, il y a des choses que nous aurions pu faire mieux en course, mais c’est encore quelque chose dont nous parlerons en équipe, en interne"", a conclu Horner.
Ambiance…
Tous les sujets de l'article
Copyright © 2024 RTBF
"
"Dour jour 5, fin d’un marathon d’amour, Dourstalgie et Justice pour tous, le retour en images !Musique - Festivals",https://www.rtbf.be/article/dour-jour-5-fin-d-un-marathon-d-amour-dourstalgie-et-justice-pour-tous-le-retour-en-images-11408140,"Ça y est, Dour 2024, c’est fini, nos cœurs sont remplis de nostalgie, que dis-je, de Dourstalgie ! Mais aussi de plein de souvenir et encore d’une belle dose de bonne musique sur les différentes scènes ce dimanche de Fête Nationale.
Comme chaque jour, on revient ensemble sur le meilleur de la veille, après un samedi très chaud, on a eu droit à un temps plus respirable pour tirer le bilan d’une belle édition qui nous donne déjà envie d’être l’an prochain entre le 16 et le 20 juillet 2025.
C’est dans une Boombox déjà bien remplie que le rappeur belge Swing s’est produit pour un show énergique et comme d’habitude accompagné d’amis. Il a défendu avec brio son très mélodique dernier album ""Au revoir Siméon"" et a fait briller son nouveau single ""Merite"" taillé pour les festivals.
Et tradition des shows de cet entourage du rap bruxellois oblige, le concert a fini avec une belle série de gens sur scène comme Primero ou encore CRC pour qui Swing avait aussi lui-même fait une apparition lors de son concert vendredi sur le Labo. Un concert qui aura aussi marqué nos esprits !
Après une émission en direct du festival pour JAM, la journée se poursuit avec un concert que l’on attendait, celui du collectif Français Astereotypie que l’on vous présentait il y a quelques jours. Un moment authentique, touchant de sincérité et énergique à souhait.
Après ça, notre oreille a traîné du côté du Labo et la voix puissante de Obongjayar. Une découverte magnifique du jour. L’artiste originaire du Nigeria et basé à Londres nous a envoûtés pour un show magnifique commencé sur des notes de soul qui se sont vite transformées en funk pour animer le dancefloor d’une belle manière.
Un show monumental, une précision légendaire, un jeu de lumières digne de Versailles, les mots manquent pour qualifier ce dernier acte de la Last Arena. Le duo Français iconique de la French Touch nous a régalé de sa nouvelle production ""Hyperdrama"". Comme le disait Xavier de Rosnay à notre micro, ""Ce ne sont que des lumières mais je ne saurais pas décrire le show visuel, il faut le vivre pour s’en rendre compte"" et nous ne pourrons pas dire mieux.
De ""Neverender"" à ""D.A.N.C.E."" en passant par le très beau ""Mannequin Love"", Justice nous a emmenés dans un voyage spatial d’une heure vingt oscillant entre récent et ancien ainsi qu’entre douceur et violence.
Nous avons pu vivre ce spectacle aux premières loges puisque le groupe a autorisé l’accès presse au frontstage pendant tout le concert, fait assez rare que pour le souligner. Un moment suspendu où photographes posaient leurs appareils, vidéastes dansaient, artistes communiaient, bénévoles admiraient et tous étions plein de sourires.
Le duo Justice sera de retour en Belgique à l’ING Arena en décembre prochain.
Merci Dour pour cette édition. Vous pouvez retrouver tous nos contenus sur les réseaux sociaux de Jam. On se retrouve sur des notes d’amour l’an prochain pour la 35e édition du festival Wallon !
Tous les sujets de l'article
Copyright © 2024 RTBF
"
"Dénigrés par la presse, boycotés, canardés, cernés par la police..., le voyage surréaliste des Stranglers en AustralieJJ Burnel",https://www.rtbf.be/article/le-voyage-surrealiste-des-stranglers-en-australie-11258975,"En 1979, après un vol de près de 10 heures depuis le Japon, les Stranglers arrivent pour la première fois en Australie pour une tournée de presque un mois. En atterrissant à Sydney, le capitaine demande de rester assis. Un homme masqué, un long short blanc et des longues chaussettes blanches tirées jusqu’aux genoux, rentre dans la cabine et commence à vaporiser tout l’intérieur de l’avion...
Après ce premier épisode surréaliste, d’autres vont suivre : la plus grande chaîne TV australienne veut des Stranglers choquants et scandaleux en interview, on les dit pires que les Sex Pistols, ils sont interdits d’antenne, ils trouvent une fille complètement ivre dans leur loge, à Melbourne les étudiants les canardent de bouteilles de bière et de canettes, un membre de l’équipe se blesse sur scène, leur hôtel est encerclé par la police, …
Le bassiste emblématique et leader des Stranglers a écumé, sans cesse, les scènes et les studios depuis les années 70 en connaissant autant de déboires que de succès. Sans langue de bois, Jean-Jacques Burnel évoque ces moments qui ont compté dans sa bouillonnante carrière, des coulisses de la période punk à celles de la pop des années 80…, jusqu’à la dernière tournée 2023 du groupe. Des tranches de vies, tranchantes.
Les Stranglers live à Musilac en 2018 : entre hits intemporels (""Always the Sun"", ""Golden Brown"", ""No More Heroes"") et titres moins connus, les Stranglers ont investi la scène du festival ""Musilac"" d’Aix-Les-Bains.
Tous les sujets de l'article
Copyright © 2024 RTBF
"
La Commission européenne ouvre une enquête approfondie sur la prolongation de Doel 4 et Tihange 3Belgique,https://www.rtbf.be/article/la-commission-europeenne-ouvre-une-enquete-approfondie-sur-la-prolongation-de-doel-4-et-tihange-3-11408191,"La Commission européenne a annoncé lundi l'ouverture d'une enquête approfondie pour vérifier si le soutien public que la Belgique prévoit d'accorder en faveur de la prolongation de la durée de vie de deux réacteurs nucléaires (Doel 4 et Tihange 3) est conforme aux règles de l'UE en matière d'aides d'État.
La Belgique prévoit de soutenir la prolongation de ces réacteurs au moyen d'un partenariat avec l'énergéticien Engie. C'est ce partenariat que l'exécutif examinera plus avant.   L'ouverture de l'enquête approfondie donne à la Belgique et aux tiers intéressés la possibilité de faire part de leurs observations. Elle ne préjuge en rien de l'issue de l'enquête.
Tous les sujets de l'article
Copyright © 2024 RTBF
"
